{
  "baseline": {
    "mae": 1.0973214285714286,
    "rmse": 2.0853228595523112
  },
  "model": {
    "mae": 0.9285748066158599,
    "rmse": 1.6009122909114195
  }
}